Pay Card ID;Monetary
60403675436;112000
60404498697;0
60417020934;0
60421208343;23500
60427539402;3500
60438823183;30500
60459139923;3500
60477173011;3500
501826306422;3500
501828129459;0
501829329314;115500
501830527583;10500
501834837947;7000
501835583250;7000
501843492007;35000
501844964426;0
501862539795;3500
501879923123;0
501898786352;3500
502001656953;126000
502010098205;3500
502018648266;3500
502034641014;119000
502056340149;0
502057680857;0
502060771669;3500
502072062834;115500
502079867680;0
502084785232;3500
502085435639;112000
502098244101;112000
503808358074;3500
503808820412;0
503811010654;3500
503815656676;7000
503816903945;20000
503835633655;10500
503837878738;7000
503841011862;49000
503841650990;126000
503850400063;3500
503859106877;45500
503861527151;0
503867890736;126000
503873796075;0
503882172573;108500
560124338883;0
560633309896;7000
561500422432;0
563170787110;0
564493024850;0
564770692288;7000
564779969448;7000
564804206261;7000
565431772831;133000
565511286645;0
565845480021;3500
565988717981;0
566171543168;136500
566942923723;30500
567048101008;240000
567169910336;105000
567286069354;0
567328477953;7000
568339050417;0
569536767183;0
570918242399;126000
570928206772;136500
571548857234;31500
571979859337;112000
572311836488;0
572544509597;112000
572846044996;0
573673840092;7000
573891473155;3500
573942256138;122500
574726750023;0
574887290025;10500
575273480229;115500
575724437786;0
576927814706;3500
577158629979;10500
578253836568;122500
579114498853;27000
579559716439;0
580165317646;35000
581570008267;3500
584795923666;112000
585314901299;0
586670325479;0
586818272435;115500
587526878497;20000
587537853984;122500
587887634588;101500
587942434511;122500
588376777318;0
589057391023;0
630411801479;0
630413421839;10500
630419596436;240000
630440475063;7000
630464739089;7000
630465282121;3500
630465586752;112000
630468015049;0
630468899772;3500
630470696539;126000
630471439459;45500
630480849201;0
630485154219;0
630486994241;126000
630487347266;0
630487570438;10500
630495252185;10500
639000296355;680000
639010421852;3500
639030041482;10500
639038023698;7000
639040388584;126000
639040716958;0
639048791417;122500
639067876230;0
639074274320;3500
639083950241;0
639099174703;126000
675931790124;7000
675934713586;3500
675967519363;0
675969825727;3500
675970532189;10500
675974474768;7000
675983362574;0
675987410957;10500
675990206087;0
675993490696;7000
676100508875;0
676110340186;7000
676145146616;0
676170059098;108500
676170489782;108500
676172975739;122500
676190181542;3500
676192275250;119000
676194898042;47000
676201754147;0
676208293602;7000
676223317774;3500
676238149170;10500
676246072349;27000
676249291979;0
676258627659;122500
676264221174;126000
676266186037;0
676274145736;0
676283044227;720000
676292018345;0
676293109036;119000
676311246976;10500
676316443321;0
676318264501;42000
676323397635;7000
676327742745;0
676340574497;3500
676346336529;43500
676367323901;119000
676368577380;0
676371995694;0
676379677179;112000
676391914618;38500
4000041838802;0
4009697722749;0
4013476857759;3500
4016568396545;0
4023591971708;0
4038622850424;0
4040314383482;0
4043008301075;3500
4044179543016;3500
4049598658998;23500
4055737709006;35000
4056836188316;0
4065366568284;3500
4066577839605;0
4068378587730;45500
4071577362475;0
4095427468067;3500
4097122165824;108500
4112330548313;0
4119972246486;7000
4121673937975;0
4122123545871;122500
4139531858845;3500
4150186692389;0
4188469163215;49000
4194649297295;3500
4197520568098;14000
4204629498605;10500
4205984560392;119000
4216440479440;3500
4227610062494;7000
4227729131214;45500
4228631436774;7000
4231995142673;105000
4235359148242;7000
4241814663460;7000
4249227937686;3500
4256817668191;10500
4263095985131;0
4273966735515;0
4281653494791;129500
4290559479079;680000
4291465280304;10500
4300964686794;3500
4306052879688;3500
4307408224686;112000
4313050166209;0
4316052775612;10500
4323180529937;122500
4323424420612;0
4331844486345;0
4349882795195;3500
4357457456440;640000
4358928087871;42000
4362659538201;3500
4367294005037;7000
4374767918118;3500
4377787328010;7000
4381168764041;3500
4384282576580;3500
4398802942684;126000
4400887914495;122500
4407982607791;42000
4421630797854;115500
4422444870929;0
4432146433702;0
4439401513771;10500
4445427212090;129500
4448373768784;7000
4459391777491;3500
4461146257530;115500
4484911604850;3500
4495228866149;0
4498288202551;0
4513655143046;126000
4526082263963;3500
4541880000962;0
4543926367520;10500
4546580766523;7000
4555304365157;0
4575486841940;0
4577386103603;3500
4578011445781;0
4580329739350;0
4580601025213;0
4582025937312;7000
4618084512479;7000
4621454280297;7000
4629225227158;129500
4658390521830;3500
4658673312063;42000
4678097992274;122500
4679239370635;10500
4682220924642;126000
4693742373622;23500
4695307602279;3500
4697156234816;0
4709994160903;740000
4718462919104;23500
4718616234301;35000
4725775400524;0
4726554349155;0
4727479284006;0
4742238627791;3500
4743531705649;0
4745660707486;7000
4748618433619;7000
4760129001603;7000
4760137225202;0
4762168511427;7000
4767711653196;122500
4775206940093;0
4791851470070;0
4804574576642;0
4813069952218;0
4821029051872;0
4821680998213;7000
4824850146050;49000
4834222061986;3500
4836081459896;10500
4844470388320;0
4848891778217;0
4849516997489;20000
4852221634256;122500
4853213936956;126000
4863916116749;0
4866586731093;0
4872411398116;0
4874449016082;3500
4875145882289;0
4875206118292;27000
4880385425658;0
4897033850053;122500
4906811590177;7000
4907587242613;0
4928589848629;126000
4931734690862;3500
4933173483056;0
4946543493373;0
4946777822784;122500
4948977213350;0
4956673008776;0
4960241087932;7000
4964008481270;112000
4966489323202;122500
4969284110642;126000
4992399872617;0
4993710478837;0
30002217769215;3500
30007077737525;7000
30009444808450;23500
30011083993544;115500
30015996038594;3500
30023091550042;7000
30024766664563;7000
30029590639160;126000
30030347979206;0
30038102422775;3500
30038862775438;3500
30042986059794;3500
30049505347485;38500
30063543803011;133000
30066742678589;119000
30068671582428;10500
30076208696652;0
30076245962299;10500
30077025116544;10500
30086319184308;3500
30087999917744;3500
30092164700289;3500
30100687125098;101500
30102021683402;30500
30118628845442;0
30128251923093;7000
30129293116423;7000
30136816489518;129500
30146000910179;126000
30148256871071;3500
30152377357879;3500
30154692388860;0
30158257275842;122500
30160416336911;3500
30164080918459;129500
30173960301876;10500
30183483265664;0
30204462301856;0
30207713127087;3500
30213702385918;0
30215145049969;0
30217806512665;14000
30218688993296;122500
30220283510053;0
30233090748972;31500
30236429604840;7000
30237216024648;7000
30239252986086;20000
30240183284849;7000
30242744757164;0
30243553113457;3500
30243692336233;115500
30250563095830;7000
30256261072781;0
30268033336998;23500
30272434639554;3500
30276672399789;119000
30294523538109;0
30297544751882;0
30299394314803;10500
30307565145425;3500
30310358800206;680000
30316232461842;20000
30324712076056;0
30327528751648;136500
30335751052527;10500
30368700827970;7000
30370190813577;20000
30375353002744;45500
30378484061308;3500
30379737643934;7000
30382207494317;3500
30385017224303;0
30389692704498;0
30391027137790;7000
30393449116998;0
30400675225581;0
30411542225886;38500
30412791717573;0
30420755097205;14000
30427752176460;0
30428250357040;0
30431553316218;0
30433284698559;119000
30437384286033;0
30438939516312;680000
30441106310287;7000
30441889571006;0
30453434239088;0
30458243667825;119000
30468584253606;0
30468724391654;0
30471339318393;31500
30471438544758;0
30471989684136;136500
30477079103846;10500
30480183587078;20000
30482544684347;122500
30495673428443;10500
30539788142538;0
30545912633714;0
30546696437603;129500
30566784196002;0
30567691580213;115500
30568752227520;7000
30568786410068;0
30569163714239;3500
30572818116818;23500
30583455954585;0
30584868425288;10500
30595674997419;7000
30596212770078;122500
30596855063062;7000
36003930452687;3500
36006226446453;105000
36047921068184;10500
36057761709078;7000
36153254575181;129500
36162260650821;0
36191244854712;122500
36291352939899;7000
36330618782725;0
36393783138941;0
36461801799828;129500
36476308530047;0
36587029529827;115500
36598361926067;27000
36667443839505;10500
36709320968021;112000
36716053653423;0
36734415819640;10500
36768379265457;133000
36862448099508;0
36883602587849;45500
36963033891422;0
38007841175269;3500
38047439997559;23500
38054561616619;0
38183446361164;0
38190585044071;7000
38322949612760;7000
38363406879922;7000
38414806494844;129500
38449865616788;7000
38592056601117;7000
38641536387449;3500
38803459613637;0
38854847237365;3500
38919000659661;115500
38951481647360;0
180000271117261;0
180000876162530;101500
180001710094731;10500
180001837393123;49000
180002075456838;10500
180004245990597;3500
180004593186475;108500
180005680484434;31500
180005977764266;0
180005992866880;115500
180006387820342;0
180006537547852;0
180008292897068;126000
180009851731375;0
180016859215889;133000
180020791350481;112000
180022455185013;10500
180022972730457;126000
180026403444133;7000
180027112876102;3500
180029074109431;7000
180029435580718;0
180029770967827;0
180029887732247;0
180030301738141;0
180030312264608;0
180032476190454;112000
180032529782349;7000
180034538389959;3500
180038448564171;7000
180038648645358;14000
180039849944954;0
180040603003177;0
180040670397460;126000
180042539226476;3500
180044239953466;3500
180044335370375;0
180045201850150;3500
180046572914583;3500
180046659189505;7000
180048325425156;0
180048952048974;0
180050480653705;0
180050809468835;133000
180051109225867;7000
180051949606243;3500
180052842269402;42000
180053001904433;0
180055908955871;7000
180057326497940;122500
180057903365395;119000
180059067946887;3500
180060321880524;14000
180060352930644;0
180062659848800;122500
180063325874881;10500
180064464472990;105000
180065411329605;0
180066742723573;3500
180067269047958;740000
180067558117603;122500
180068993022747;0
180073186339783;0
180074265853819;0
180074627743328;0
180074853270640;101500
180074952289665;0
180074978149455;133000
180075154547792;14000
180075409596610;3500
180076008017040;0
180076677620512;0
180076863184943;7000
180077293882437;10500
180078846718763;126000
180080234589061;10500
180083201664057;0
180084216718110;3500
180084292834161;0
180085126533846;3500
180089739884224;0
180089784129574;30500
180090240275308;3500
180090622021106;0
180091631801439;0
180092456265254;129500
180095534848678;3500
180095862033760;3500
180096002521425;3500
180096558513669;0
180096606431591;7000
180097961752050;45500
180097982588566;129500
213100307169137;0
213100436673249;0
213100542795050;3500
213100930486734;3500
213103291564701;0
213104805015669;0
213105335345336;7000
213105441171576;30500
213105773866033;112000
213107317059919;0
213107448129250;23500
213107623841273;3500
213107696090881;0
213108112882307;0
213109346393293;3500
213109439786494;119000
213109637797111;42000
213109818183511;0
213110188531693;3500
213110528533268;3500
213110868551409;38500
213111941956573;0
213113371461462;7000
213114667856993;0
213115245142137;0
213115467544259;14000
213115572929254;10500
213119132205510;0
213119392508801;0
213119611434995;3500
213120748859641;122500
213121182081593;260000
213121265875226;126000
213121690546749;0
213122351336222;45500
213125070843980;260000
213127195148501;119000
213129225555184;740000
213129238120604;3500
213129456959329;23500
213132884130372;7000
213133401291382;126000
213134876567066;7000
213135078300214;0
213135516635817;3500
213135953482814;7000
213135976726106;0
213136570183140;0
213137428120839;3500
213138468536488;7000
213142527848165;0
213142775112736;0
213145603194040;129500
213146091952345;0
213146115464780;0
213148799089875;0
213148807606942;3500
213148974212458;129500
213149478551300;7000
213150687788238;20000
213152538083504;3500
213154018613198;0
213155263532652;129500
213155309116759;126000
213155822653833;0
213156300374850;3500
213159426675861;20000
213160779285738;3500
213162807326799;20000
213164568637687;3500
213165965158193;3500
213166032088637;42000
213166724857828;7000
213169323959862;129500
213169429024355;7000
213169744437795;720000
213170888063660;119000
213171034000424;126000
213171077805689;23500
213173837348075;0
213174928876354;126000
213175543237278;3500
213178003374573;3500
213178670687034;0
213179781403691;115500
213181664355865;7000
213182881743974;660000
213183686660553;0
213184927022546;0
213186627613334;115500
213186864489208;0
213187760461390;700000
213189102300294;0
213189212190841;3500
213189948673904;126000
213191293100137;112000
213192362747287;10500
213192524816871;0
213193665773269;119000
213193773813361;0
213193779899125;38500
213193831461765;7000
213195662335844;10500
213198175349153;0
213199263446000;0
340065298083181;119000
340306170432199;0
340627622454204;3500
340631865010459;133000
340767267954926;30500
340858239719917;119000
340897449986429;3500
340919977107754;0
341160644641094;3500
341371220559499;0
341749541068680;7000
341992529266534;14000
342340103174162;7000
342370004909630;119000
342405505897163;3500
342428250922366;10500
342481915890544;0
342522624491544;0
342531623551844;126000
342533380492204;27000
342543475347247;112000
342680618139048;10500
342684635530668;0
342798300950066;0
342872650777880;10500
342875882384375;126000
342928502675688;20000
343007419401295;119000
343089855267893;122500
343240320417734;133000
343544814093640;7000
343804913072055;0
343851798729291;0
343868065903417;10500
343897458234312;7000
343940315309958;23500
344250101078273;0
344303671677311;115500
344423213182214;129500
344730537548312;0
344784326221920;49000
344819183333911;119000
344919939144164;45500
345343164301796;0
345353368043961;0
345368948195420;3500
345385804376449;0
345391204076258;0
345438640070245;7000
345552372100481;7000
345711968178505;700000
346031371330778;3500
346111902361102;0
346207628214482;0
346331244372936;7000
346348443002072;0
346642743067607;0
346754681244542;0
346835441559343;35000
346910704516122;129500
346939661435562;660000
347105556938180;126000
347204308990092;0
347394043585982;119000
347675686635500;3500
347835146078812;7000
347904062611038;23500
347922988875941;10500
348056817539268;112000
348521853444285;27000
348952647256687;7000
348971987876805;126000
348989346338960;3500
349018786166142;0
349281490644321;3500
349318556724843;0
349361081404960;20000
349409524835249;3500
349509551679244;0
349577577192740;0
349683800593553;0
349927246884450;7000
349944373495091;115500
349988725938217;0
370015486110380;0
370095866460258;45500
370311431463416;115500
370582193494134;3500
370647970357059;3500
370839389206494;7000
370929297991517;7000
370961379631505;3500
370997459832910;126000
371134962154892;126000
371171976930370;0
371381225222392;0
371531722343600;0
371681169418199;0
371749273751332;45500
371935643958745;0
371937801787353;126000
371996902605484;7000
372164514068695;7000
372168346148658;0
372182164168912;0
372186852282778;700000
372342547499422;10500
372920754641099;0
372989062762103;0
373286421882964;126000
373739550258398;7000
373831841048512;7000
373945281501952;122500
373968716660847;3500
374014069623360;27000
374068907744739;119000
374240614589026;7000
374425788588439;3500
374605640807735;10500
374657850740007;3500
374659960840503;112000
374756385426999;0
374826778607941;0
374858162789159;7000
374902780598731;7000
374911260215393;122500
374955360512720;10500
375103944933430;0
375351347671954;14000
375635714547874;31500
375644954631844;0
375849137332372;0
375867734867970;20000
375884069521593;0
376364308641089;119000
376385999513543;7000
376484029520394;3500
376709300726678;0
376852885787879;0
376862509774591;115500
376891580681755;0
376898980622834;101500
377209543455986;0
377219934316440;10500
377491408293302;0
377528136379455;119000
377569057489568;38500
377643054710555;112000
377814808795289;0
377840859133591;0
377853404669522;20000
377951303236425;0
378346560438229;122500
378380996212239;0
378459243668060;720000
378517729021177;0
378553815963022;0
378734496477017;3500
378851219912235;0
378872365541693;119000
378884680600534;7000
379146828277263;0
379208329550349;0
379311975236617;0
379334845079777;119000
379536428825406;3500
379645412081015;0
379698722302464;14000
379764016867073;0
2221445182130548;35000
2222447529017148;10500
2223457554196542;14000
2224519731151218;119000
2225718394811808;0
2225908618079114;0
2227323355527424;3500
2228311847056606;3500
2228966290983968;7000
2230586135601355;10500
2233615633685953;3500
2234108734722874;7000
2237024668362032;10500
2237440645700724;122500
2238216398569014;7000
2238533576611255;0
2240530662222332;0
2240842022789573;129500
2242917911338522;3500
2243068249815945;119000
2245530208975489;49000
2245958200404051;0
2246744141931579;0
2247096843683316;119000
2250309611886654;23500
2250593856143596;0
2251303901446716;105000
2251394829781052;42000
2251412124634980;760000
2251789533334355;10500
2252740481304766;23500
2253830524576980;3500
2254018175787390;0
2254547572690815;7000
2254638260624412;0
2256888825417103;3500
2257480643432230;0
2259163638164343;0
2260346863403083;7000
2264571354561190;7000
2265280580380180;10500
2265284059556833;20000
2265285227934786;119000
2267435685058176;0
2267480345217374;3500
2268827633129357;0
2271334495240039;7000
2273899076950287;122500
2276099634138221;122500
2277145964192996;0
2278758248898730;0
2283627247451804;7000
2283822362148166;3500
2287729476596220;27000
2289300561235740;10500
2291402671071407;122500
2294272245944067;49000
2294337563510525;38500
2294823290681911;760000
2295060820117756;0
2295655379188437;119000
2295833910329055;0
2295962091596974;0
2296212953530805;0
2297064871329623;31500
2299307292080236;3500
2299346377262087;122500
2299897648971146;0
2308113896893183;7000
2321217432765996;38500
2334349002831919;0
2375500523547414;0
2377960243266687;3500
2379863459699716;129500
2395779522951670;3500
2397392857976292;129500
2400990004481721;3500
2402313549139274;133000
2407683922581481;126000
2417139615155040;122500
2473199094095209;3500
2484941381862990;119000
2488692931173646;23500
2496327332529688;10500
2505362184127520;0
2516083110424925;0
2527622104972154;98000
2529170861460912;133000
2533274598434606;20000
2540998621379880;119000
2542754285760594;23500
2543669657890820;7000
2552369444600479;112000
2556356195137492;0
2589024911735525;0
2594772896759927;0
2606548319852663;49000
2614059373381201;0
2635487652896273;0
2647723044055343;0
2661114083902044;0
2679374058097150;108500
2692738856680636;10500
2701475996968535;10500
2701731820995189;0
2702344034077338;10500
2704159399403335;0
2705859087410182;10500
2708264434040542;119000
2712823212983860;0
2714279979787895;0
2715068670618445;3500
2715637868237109;0
2716817624410658;42000
2718070346782735;129500
2719590630002838;7000
2719822646362025;3500
2720067582504076;98000
2720210828491753;3500
2720228027487356;45500
2720484776954605;0
2720497305962063;126000
2720556419423963;0
2720613492785683;0
2720946153421739;115500
2720964102776863;7000
3500714556028764;101500
3500911525249675;3500
3500921788966584;126000
3500965207195341;0
3501420578252437;126000
3501484774533651;0
3502084149637283;108500
3502800039632328;126000
3502967899324468;38500
3503299442876375;3500
3503918016820705;3500
3503950365035536;0
3504089754852802;0
3504280064228391;3500
3504385786384834;112000
3504571602552593;7000
3504648028041755;0
3504787672864607;126000
3505143514830399;7000
3505552225259278;0
3505707886664931;0
3506580241941339;115500
3506675645732225;0
3507067369909966;7000
3507107976417837;122500
3507250769984157;0
3507503365743967;0
3507714953618871;10500
3507749826517850;3500
3507821491441722;7000
3507946556271373;133000
3508055251895822;129500
3508400279072394;3500
3508576375228004;0
3508642829144211;0
3508668489770649;10500
3508859132846676;10500
3508912774663915;42000
3509163775507805;49000
3509479409766173;0
3510332230740486;3500
3510579386878722;3500
3510894501773918;7000
3511110900198436;0
3511593949794788;7000
3512094791916164;0
3512336121003019;23500
3512866953021028;3500
3512921611736416;0
3512927531214772;23500
3513474919754912;0
3513938907047497;7000
3514160059639984;0
3515529130973407;126000
3516006502484403;105000
3516594869567563;115500
3516971157050652;20000
3517510209029816;108500
3517522624788322;3500
3517828003370511;119000
3518707807771562;0
3519627867674408;14000
3520019550205566;0
3520040370814007;0
3520704464952524;3500
3520950520120701;45500
3521324916954983;7000
3521407549788058;0
3521412313713308;14000
3521453331746722;45500
3521519180300355;0
3521643682976940;42000
3521790276677051;0
3521870832057616;38500
3522432572015145;129500
3522515700043201;0
3522657002696375;3500
3522780633744305;3500
3523401971692951;0
3523501988176433;3500
3523565456909732;126000
3523592823651425;3500
3524537484100286;23500
3524682532578974;10500
3525037988255016;7000
3526351018142667;10500
3527853482331808;115500
3528266385259712;119000
3528429476454085;105000
3528467207724574;0
3528575651750075;0
3528988342978833;133000
3529040558177467;126000
3529812024069001;126000
3529836046214477;7000
3530393834004501;31500
3531178674835422;0
3531560183774236;0
3531742475032842;119000
3532626368844679;0
3533275484229917;3500
3533408904312159;122500
3533554681284713;0
3533946420547527;3500
3533955956389840;0
3534387229540216;0
3534872160014081;49000
3535503118200501;42000
3535601073732219;0
3535679723903364;0
3535956287015847;3500
3536007702267420;0
3536054810131767;0
3536102311063490;31500
3536260321802008;112000
3536572066357562;7000
3536612674069934;0
3536755789592496;3500
3536759468239783;119000
3537344445143314;133000
3537543297101185;112000
3537573241596842;0
3537626290568235;0
3538188301958649;7000
3538696105114797;0
3538895574758627;10500
3539535695881465;112000
3539941673936471;23500
3540286623681182;0
3540357155140234;0
3540498853163878;0
3540608831782736;720000
3540776389563673;3500
3541360891398495;3500
3541980313378864;0
3542062438073909;0
3542465875351169;122500
3542709697749732;10500
3543024804143004;0
3543155487538258;3500
3543780874912921;3500
3544454385390261;126000
3544787327556469;0
3544885200157403;20000
3544914025938688;14000
3544931989278653;122500
3545483364022719;0
3545499820365948;0
3546736957468063;126000
3546745892021028;0
3546981403871656;42000
3547463230183083;20000
3548059679186550;7000
3548361222831512;0
3548403375808853;10500
3548452441599863;122500
3548624132054354;7000
3548650711273610;115500
3548815673143131;115500
3549158005951908;740000
3549182300492467;122500
3549191016294752;0
3549196554775237;3500
3549492311838172;10500
3549586894382068;7000
3551174827324245;0
3551528187475295;3500
3551981413181544;640000
3552701702810473;0
3552994986533131;112000
3553127778031324;3500
3553179744446813;3500
3553882732550120;20000
3553913499987591;0
3554107048543687;119000
3554529563627118;7000
3554617687183249;3500
3555123859996566;27000
3555797726624178;7000
3555926116596197;112000
3556146215285027;49000
3556195772842969;115500
3558600128587539;3500
3558933713672139;10500
3559020047557332;101500
3559068882188796;7000
3559367200080515;119000
3559527684074603;20000
3559703923069965;119000
3560071015571703;0
3560222992102547;20000
3560398544907466;0
3560553042793780;0
3560571608142499;0
3560800953678538;0
3561570507349808;0
3561698313205524;7000
3562084958981605;0
3562165113182591;20000
3562827751538133;27000
3562846499195097;7000
3562938327884362;0
3563151380900971;122500
3563362178943707;0
3563424865580547;3500
3563893917447576;7000
3563958892124142;3500
3564356712043346;112000
3565172697755427;3500
3565305562822738;3500
3565528607360162;136500
3565938568828570;0
3566083387398361;10500
3566398620690444;119000
3566956122502027;45500
3567474399039094;200000
3567627939359872;115500
3567825925804758;122500
3568170248461682;3500
3569356789042960;680000
3569562588766630;0
3569565201587911;0
3569644495730154;45500
3569762797187392;23500
3570145781190035;119000
3570416613897992;119000
3570422408611549;119000
3570576233000275;0
3570915405874358;119000
3571912617977029;129500
3572319298075777;3500
3572603058080220;20000
3573079519217686;10500
3573408657682585;45500
3573742802282614;0
3574760392403324;10500
3575726862796769;42000
3575787320226609;0
3575842886901929;3500
3575910364072826;42000
3576239635494729;0
3576449712519922;10500
3576933261371405;7000
3577254949793269;0
3577841063274066;7000
3578176001624687;0
3578285852914400;3500
3578456570165787;0
3578546492845597;0
3579692870866695;115500
3580401035990896;136500
3580438908059433;0
3581468120171962;3500
3581752444414350;0
3582791887979981;0
3582809689935223;3500
3583083290821821;0
3583284755921516;0
3583719174260210;680000
3583963796594222;3500
3584962536745457;3500
3585368335087506;0
3585765705663958;108500
3586400849118805;3500
3586579113176852;7000
3587337956647904;0
3587341902618993;0
3587354599889728;115500
3587383448789714;0
3587585995659591;0
3588104432841769;10500
3588647692912019;20000
3589096682082517;3500
3589380857722689;0
3589596090520842;0
3589887902314387;10500
3590799800881051;3500
3591405047323472;7000
3591523876458647;0
3591625379300794;7000
3591646002078433;0
3591995490629201;115500
3592011302266742;3500
3592243227579699;112000
3592453519647910;0
3592455361016219;7000
3592479316508823;42000
3592979659361243;3500
3593536489487546;680000
3593546121496854;0
3594541352723257;3500
3594837551443691;23500
3594955647820605;0
3594978763014050;3500
3595205443049515;0
3595557073549879;7000
3595563351921350;3500
3595587515299718;3500
3595625700824872;0
3596085027829766;3500
3596121484860455;7000
3596612633477696;122500
3597250558885848;3500
3597961910262449;45500
3598871005576489;3500
3599135027909212;7000
3599499494778116;0
4002752407278767;0
4004639087878214;27000
4010122113950127;7000
4017399936916682;0
4017802962833960;115500
4019905363673105;0
4022281651234843;0
4023261383627521;0
4029454332563640;115500
4031452920035662;3500
4034493214627498;0
4039277633695458;0
4039731076295002;0
4048311863748346;3500
4051635843184691;3500
4059988700534876;3500
4063236761080155;3500
4070614142286496;27000
4071961106848962;0
4084397395150486;0
4087795255830674;0
4098204418287473;0
4100923161042365;0
4106531301179023;0
4107216437478023;10500
4108867874541241;10500
4113704079015924;122500
4116056920356172;122500
4120255279087511;126000
4124367889402737;0
4129181789427503;7000
4131228650532352;3500
4132189126928781;760000
4141881827609673;14000
4145595849881195;112000
4148347241602606;0
4160871836365389;10500
4164398783623350;136500
4165770694718959;108500
4166272280740025;0
4170500995160491;7000
4172238784006231;0
4174057702390453;119000
4178139365296478;0
4179573090284608;660000
4179888484808006;7000
4181188603059045;0
4194044871819252;7000
4204445450568152;10500
4204699625962688;3500
4204865049770227;0
4205185024799813;23500
4211436908827150;7000
4219635643278197;122500
4224452028283146;0
4225556492720471;0
4228391009711723;0
4230327309726801;0
4232532077815102;23500
4232932278590191;0
4238644242805860;122500
4241777460261997;7000
4245292824652416;0
4245445434793232;0
4247047725165183;0
4250503208533960;10500
4254175641149864;27000
4254578036400869;0
4255875058269084;0
4266760335382388;0
4268357779873820;0
4268640600849949;0
4280604323776734;10500
4281107697609985;0
4287168593134639;7000
4294484188649274;122500
4295166628049855;23500
4295466784594425;20000
4302263817704050;7000
4306383820128588;7000
4306399682236699;0
4309038731411054;0
4310011077804361;3500
4311304097214201;3500
4314001786147604;23500
4314957027209455;3500
4315902376539812;7000
4317815230091374;23500
4321295069509396;45500
4325586038960413;0
4327711116930264;0
4341447463633670;7000
4345294247705168;0
4348256733711510;0
4366512846464588;119000
4366771817472539;115500
4371163154338171;7000
4375765946745400;122500
4376541203354296;0
4377104655542451;23500
4378713285050450;0
4380073493099534;0
4380875529452127;0
4381256169826731;3500
4383238262907426;7000
4384653483539395;0
4386024845816111;23500
4387100690520898;3500
4389022563393310;105000
4389172423416718;7000
4389389255631822;10500
4394677357168120;133000
4396640433281182;3500
4400739923249354;0
4401832304257580;0
4407311853761924;0
4407412992029205;7000
4411710323049659;3500
4412277273662567;115500
4416447200752700;7000
4423922482419104;10500
4430021291336251;0
4433768133150830;0
4436873412170868;0
4437160351996555;35000
4440511208147260;129500
4441968018689585;0
4445364788309420;10500
4446021936531169;0
4449764366485821;7000
4450080570279470;122500
4450403105752326;0
4454094248666451;20000
4455586187126891;129500
4456609130359051;0
4463457533357848;7000
4469237778044804;0
4482532618774708;7000
4483881844493578;0
4484508142147221;0
4490538004709364;112000
4491168846978040;0
4492109252403353;0
4498767637558201;126000
4498998094495583;0
4501839580844956;23500
4504835338188867;0
4511533243601477;0
4517023765413166;7000
4518705930955431;7000
4523723987090328;0
4525441838992083;3500
4526942453399131;115500
4528824477684144;108500
4532407180860336;126000
4537604821505685;7000
4538778656278748;0
4542110885190433;0
4542504506802329;7000
4543133446525763;112000
4543770359797416;42000
4544515842302442;126000
4544982061905141;0
4545194032759487;7000
4551895931872012;112000
4553303241142836;27000
4557229660693510;3500
4558067111007925;3500
4563392639388729;0
4565819618289286;0
4566988485083087;10500
4570326177710945;3500
4571332363310689;3500
4578758363171981;129500
4580278479854954;10500
4581300237839678;0
4582832677562989;45500
4582951929146910;0
4583892581346290;3500
4585349556668958;7000
4586454154379245;0
4590339247562523;38500
4592780721139296;42000
4607578492019777;119000
4607954544005942;3500
4611826651808983;0
4612175181278450;0
4613789240364280;115500
4613911137735824;45500
4614257598078141;7000
4619696552530271;3500
4623486440149169;3500
4628562596639925;115500
4631523226967560;0
4636055192881546;0
4637961799161092;0
4642976742436642;7000
4650487889977769;3500
4652259970415845;7000
4654235106641320;10500
4656484264640462;129500
4657065205010987;3500
4660075829742639;3500
4661843359109266;115500
4667963556135841;115500
4668070292518162;10500
4668539141678666;0
4673419635061948;0
4677662015218176;0
4680239652114110;7000
4684647405560965;0
4684821109015770;122500
4692797186209751;10500
4693229754928686;700000
4699023220672919;0
4704902042632297;0
4705243679928131;140000
4706129919148789;0
4708188051530194;740000
4708293952214417;3500
4708295371136584;126000
4709388179342204;0
4712578077830764;42000
4713105079051022;3500
4719371541269014;0
4719913296770918;0
4721230793157234;0
4721742558058605;45500
4723250872219869;0
4724873649782668;42000
4726207758980912;126000
4729781006341363;0
4735363010235782;7000
4736304277327671;49000
4738454241042571;3500
4739532514157439;112000
4740523357550472;3500
4746981794942799;7000
4752851022235137;0
4754286332085799;122500
4759974348569444;122500
4760883584117262;3500
4762996545785189;20000
4764453041191296;0
4766007569419196;129500
4767223872063121;0
4775824447575950;7000
4776067366589862;0
4790144523070821;45500
4799378402955576;108500
4800273826652460;30500
4802014570181753;0
4805645458987501;0
4806753400680924;0
4811093995390867;0
4816654317647006;3500
4817620823758230;0
4820012802801816;20000
4822998072462404;0
4826599994372923;3500
4827442129358526;45500
4836315239761517;27000
4839065457731638;3500
4839213833679358;3500
4840744854508974;0
4844866858023357;23500
4846285352667528;0
4847987759140889;0
4851113638274418;0
4857511536859376;0
4861975056603973;126000
4866640196160616;0
4868902332492297;0
4879699657417431;10500
4883884234588862;0
4885331907664776;122500
4885706111446864;0
4888709601933075;0
4890377962908080;0
4893901061192218;7000
4894146910205774;0
4899581514802532;23500
4905734029265594;108500
4907137439448917;3500
4920568766034164;0
4924888393613412;105000
4938666263945591;3500
4939292313812746;3500
4947438345710982;115500
4947631601276165;0
4949430360722628;122500
4951106743101541;0
4956563442422641;0
4959718468452404;7000
4961293020468542;0
4963448495299008;0
4965754419769895;122500
4968046754220924;3500
4968156435384914;126000
4969389181181692;112000
4974804949914047;105000
4988303565741275;740000
4991481114103745;0
4993263234061542;7000
4993628236551825;0
4996225095064169;122500
5114535082212157;42000
5115620173064813;3500
5125406223322395;0
5127142251737778;7000
5134532253940704;122500
5152592939536679;3500
5155559057141068;10500
5164263631970030;0
5168477096207938;3500
5172515308476777;7000
5209931277664722;3500
5220242748386167;45500
5238509910340929;7000
5250092671931114;0
5253907658951545;108500
5257753207807101;3500
5284657247304556;0
5289819176553968;3500
5305875661679544;7000
5306981792743198;0
5321470256126935;45500
5336700906288492;119000
5341741857403600;23500
5348700024599545;0
5430018591726410;0
5437689300738558;7000
5451437566035173;27000
5465310774429054;0
5470428062544344;115500
5473439177945786;112000
5485694816065091;3500
5493754737294400;10500
5497693436473848;7000
5498307685938018;7000
5511077339427535;3500
5511678885454136;3500
5512989045494139;0
5530470482508325;7000
5539337945664584;40000
5541851157087967;105000
5542490449138301;112000
5550195894033357;35000
5552327039791635;119000
5572484380784028;7000
5578930710752840;0
5584719354047027;10500
5598479367629402;3500
5598626771361457;0
6011016864826912;115500
6011018350339285;20000
6011024970416149;0
6011030576594056;129500
6011047676641058;119000
6011051787457511;45500
6011078180763856;3500
6011095868107446;7000
6011099919397345;0
6011114900479836;119000
6011141476414459;126000
6011155279877282;7000
6011158789391307;7000
6011162006507240;0
6011188267590104;3500
6011192316926012;0
6011206561670347;0
6011275975124621;0
6011285188350939;20000
6011286338828865;3500
6011309044185857;126000
6011317469180253;700000
6011318555985316;0
6011319634394124;0
6011327569819106;10500
6011344618245142;3500
6011359873049658;7000
6011379876309750;3500
6011380924843055;10500
6011389435937108;3500
6011390140483032;3500
6011393441256446;0
6011412805910941;35000
6011419697000202;7000
6011448644531027;23500
6011449627550133;0
6011491438537776;3500
6011492243165720;0
6011512120886757;7000
6011512141688729;0
6011526887160594;0
6011532103411290;7000
6011537154923796;10500
6011538949512787;0
6011543080425997;108500
6011582897349081;10500
6011596915345442;0
6011618540818377;0
6011627303030500;0
6011651850954961;136500
6011656090843460;38500
6011686133020107;108500
6011718497540493;3500
6011718928121822;45500
6011737385609178;0
6011748865588394;7000
6011760758453230;10500
6011776590403225;3500
6011784924662888;3500
6011818608233762;115500
6011818902381085;3500
6011822091986589;122500
6011828579559046;7000
6011831480860198;14000
6011861224604040;7000
6011890148789744;7000
6011891604500799;23500
6011915812790007;0
6011916784323298;7000
6011917728048173;0
6011941254478067;23500
6011955512372292;3500
6011961852805826;108500
6011966485146142;3500
6011971911544803;119000
6011980496984235;119000
6501276844154523;0
6501453447414147;3500
6502608039778006;3500
6502902290603767;3500
6502937248567987;38500
6505428590869475;0
6505561612113090;0
6507536585974874;133000
6507638073318307;0
6509546148313351;42000
6509916602424061;0
6510013988638519;740000
6510019920587300;0
6510380828231726;0
6510567196644064;20000
6511374554985729;10500
6512908091827214;3500
6515621790318925;0
6515664053356414;0
6519634770438502;0
6520849770634960;3500
6521040134321754;126000
6521117877849611;14000
6521363371251116;10500
6522223396521548;3500
6522272102888311;3500
6523645346654293;0
6523744164769869;0
6525432887576005;0
6528986136645686;20000
6529087112754011;23500
6529240909455553;0
6530217723210577;126000
6531733212216122;0
6532316827167408;27000
6534345904864320;0
6534999720888762;122500
6536010352045925;0
6537969337815729;3500
6539040209758344;60000
6539609181866141;129500
6540503371279610;122500
6540672233441260;0
6540723056644645;0
6541451803309614;126000
6542284999119557;3500
6542837703080439;115500
6543370786192839;0
6543676226758108;119000
6544577386584806;240000
6544828689784746;0
6547155617203954;42000
6547377960862547;7000
6549077052972315;3500
6550332736004951;7000
6551773153088424;0
6552821364099885;0
6556778552086817;0
6558313572530681;0
6558770227673366;0
6559195405774555;0
6562850163811263;7000
6563524092020960;0
6563676663681545;3500
6564335022266287;3500
6565479857225684;0
6565954125692691;14000
6567245294939171;3500
6569399043245469;23500
6569508543964383;0
6570035474604116;119000
6571636366239447;0
6572023263706241;3500
6572535888310380;119000
6573313022751813;0
6575045651468974;0
6575130739600630;112000
6580235224672813;119000
6581936160714795;0
6582441579700211;3500
6582901155320791;0
6584157215342758;7000
6584835157983339;3500
6585885975007109;20000
6585902156860568;3500
6587137790829723;7000
6587237994402242;0
6587312430989803;0
6588742666722164;7000
6589152382354731;27000
6589314352421169;112000
6590854673757012;0
6592199688926618;42000
6592322056148025;0
6593023949141297;7000
6593608929409647;14000
6594038151360079;0
6594531889548841;0
6594965325573999;10500
6595765906487927;0
4006087081466727574;7000
4012502273006373077;20000
4015639837568333411;129500
4034866535408001637;27000
4040507993050813597;7000
4044627593290079491;112000
4048469899809060431;129500
4060058529274906600;20000
4060341720248400161;112000
4070629595971154744;3500
4074114259011835374;0
4079046398489481238;10500
4079569924685765897;7000
4088835858128915967;3500
4093128349775311656;27000
4093470002667535650;10500
4097703851248718064;126000
4104888875282062619;108500
4107539733091006903;0
4118862581354625990;3500
4120639796857963734;0
4124479653277670248;49000
4126414491310853775;45500
4128076101888382603;0
4129127991194644648;3500
4131163223101883379;126000
4140911047830363924;0
4157264487056687746;129500
4164228439880077074;10500
4165241323088464328;7000
4168000420804262864;3500
4176175431274338490;0
4181171597083749657;680000
4189640459822695962;0
4192676882444533975;119000
4199450082632933049;119000
4203562511038947968;129500
4214467493248935559;0
4215870826343733338;0
4219617295377842342;3500
4225751347437323699;3500
4234007630783462979;35000
4234105690626291796;7000
4236399289828180970;0
4259205586349126267;0
4279203692817167963;126000
4294956173069779977;23500
4298112060738897946;0
4301046448643115806;3500
4306567886746588452;122500
4312788889307079482;7000
4315872976588851570;30500
4322606149481291208;10500
4326140619726764858;122500
4327266845647948637;136500
4348362451721640908;126000
4360652449891343257;3500
4364139557273318765;115500
4370478057291371892;3500
4371940047525876160;0
4384998305312935092;7000
4387418573857438765;0
4391518877735556073;3500
4393424535509774814;660000
4402759890633886222;0
4403480045787547104;10500
4404611226778810111;0
4428582927102421723;0
4432944384446280081;129500
4437250881603997453;0
4437456852532209163;7000
4448492359421463185;0
4451666937375088290;0
4455385206351091343;122500
4460340818222811297;126000
4466333942907443956;20000
4469345175264680494;0
4475487986105118550;0
4476550221067536122;133000
4484557309610616405;0
4489337334208780658;126000
4494200539791949338;0
4499727547407537747;0
4504447001811049176;3500
4507197514242809047;3500
4507202110965479473;3500
4520785148050411280;3500
4525384867508914538;0
4538828078748925469;10500
4541730308975683346;23500
4545616130966800915;7000
4546378556173971808;7000
4547245090487583462;0
4556326832434362836;119000
4558670606659888636;0
4561136132951674782;3500
4561932486313369523;0
4568520647339602139;7000
4569004720406572858;0
4576861140710803534;0
4583562097218227517;0
4584810238111051368;3500
4593958293473738295;3500
4595421859584346329;0
4607699817793325136;3500
4613366061817460310;119000
4615192917191717119;30500
4633603819468342074;23500
4639185167794628565;7000
4664503638851963221;0
4670481182889512380;700000
4676547013558532566;49000
4683751365132966547;119000
4685818286724028395;3500
4703206760710648078;760000
4719750605283584414;3500
4729302648273942756;98000
4730280883020443501;119000
4731296980586052393;0
4744480387450088900;0
4748171899112075310;7000
4749161925932703003;720000
4751135111079943129;14000
4755059063340087074;0
4761960416255049230;0
4762645289651587751;3500
4776929353159041153;129500
4782118667729879357;23500
4792312628110344784;0
4798412351689028870;129500
4799775332826768700;119000
4814740608115622982;105000
4817213825212301713;3500
4818110872205184864;20000
4826805717636477275;3500
4837447905158177016;720000
4845152371767796654;3500
4860703116052362925;0
4860968417507585403;0
4862737844805243474;3500
4863011275705925560;0
4866015896366005266;122500
4868766606269426510;0
4873567085628236731;740000
4874486601260594074;0
4874773937841002647;42000
4880377652769980677;0
4907208153127941689;115500
4909284437358495207;105000
4916430456848946627;0
4941966320527194737;122500
4946058391117592554;122500
4957958811110735429;0
4958145744734359718;122500
4963710913075879668;129500
4965463575651342140;0
4980154953674018562;0
4980316891349967240;3500
4980564692107508708;45500
4986663118222525457;0
4995586292967989635;10500
4997693930906134609;0
